gamma,rate,seed,acc,mse_our,mse_naive,graph
0.05,15,0,0.71,0.3984940292949729,0.37930366786828895,WS_N_100_K_30_P_0.2
0.05,15,1,0.61,0.44137690946759994,0.36766417533402623,WS_N_100_K_30_P_0.2
0.05,15,2,0.67,0.4406591582833854,0.3809101270593548,WS_N_100_K_30_P_0.2
0.05,15,3,0.69,0.4155149098386825,0.3757785029708386,WS_N_100_K_30_P_0.2
0.05,15,4,0.62,0.4271492623296814,0.36189045612030857,WS_N_100_K_30_P_0.2
0.05,16,0,0.69,0.4395781044546286,0.386764218437554,WS_N_100_K_30_P_0.2
0.05,16,1,0.73,0.38691809586437137,0.37173887980270715,WS_N_100_K_30_P_0.2
0.05,16,2,0.75,0.3793276554502657,0.37443423176936025,WS_N_100_K_30_P_0.2
0.05,16,3,0.79,0.37208861652068426,0.3830954477677271,WS_N_100_K_30_P_0.2
0.05,16,4,0.74,0.39567123137720506,0.3815760247284291,WS_N_100_K_30_P_0.2
0.05,17,0,0.73,0.3942269913160617,0.3785194960910186,WS_N_100_K_30_P_0.2
0.05,17,1,0.82,0.3566847845713356,0.39436209338316147,WS_N_100_K_30_P_0.2
0.05,17,2,0.81,0.3701797648016804,0.39533580360315146,WS_N_100_K_30_P_0.2
0.05,17,3,0.79,0.3774159682662147,0.38542709433175726,WS_N_100_K_30_P_0.2
0.05,17,4,0.84,0.3561181518939859,0.3964462352777873,WS_N_100_K_30_P_0.2
0.05,18,0,0.78,0.37037428304057174,0.38059791789863145,WS_N_100_K_30_P_0.2
0.05,18,1,0.87,0.31158281534325194,0.3890688485554449,WS_N_100_K_30_P_0.2
0.05,18,2,0.81,0.3535395801188136,0.3857431959651592,WS_N_100_K_30_P_0.2
0.05,18,3,0.88,0.3140920809820384,0.39336628515299443,WS_N_100_K_30_P_0.2
0.05,18,4,0.86,0.33101210687010074,0.39254174447345624,WS_N_100_K_30_P_0.2
0.05,19,0,0.9,0.2856860377881851,0.39099426190845005,WS_N_100_K_30_P_0.2
0.05,19,1,0.94,0.22711221618001914,0.387529023479566,WS_N_100_K_30_P_0.2
0.05,19,2,0.93,0.2472894767172344,0.3881298944693866,WS_N_100_K_30_P_0.2
0.05,19,3,0.9,0.28897393676164546,0.3917181426357996,WS_N_100_K_30_P_0.2
0.05,19,4,0.88,0.30610043511591195,0.39368543648748594,WS_N_100_K_30_P_0.2
0.05,20,0,0.95,0.2115105606349973,0.3833757090272711,WS_N_100_K_30_P_0.2
0.05,20,1,0.96,0.19685022266164875,0.38448788986656157,WS_N_100_K_30_P_0.2
0.05,20,2,0.96,0.18636525425405545,0.378522022924426,WS_N_100_K_30_P_0.2
0.05,20,3,0.93,0.24972115643353474,0.3888865661730192,WS_N_100_K_30_P_0.2
0.05,20,4,0.98,0.13693067648244744,0.37751600116159667,WS_N_100_K_30_P_0.2
0.05,21,0,0.94,0.22744553924377386,0.3888805014472755,WS_N_100_K_30_P_0.2
0.05,21,1,0.94,0.23384373504359451,0.3856028760462634,WS_N_100_K_30_P_0.2
0.05,21,2,0.98,0.1414213562373095,0.375490526836279,WS_N_100_K_30_P_0.2
0.05,21,3,0.97,0.17320508075688773,0.37920180498991607,WS_N_100_K_30_P_0.2
0.05,21,4,0.94,0.2327357933324283,0.3864082636599917,WS_N_100_K_30_P_0.2
0.05,22,0,0.98,0.1414213562373095,0.3785901411136196,WS_N_100_K_30_P_0.2
0.05,22,1,0.99,0.1,0.37069399383148727,WS_N_100_K_30_P_0.2
0.05,22,2,0.97,0.17320508075688773,0.38007670647098907,WS_N_100_K_30_P_0.2
0.05,22,3,0.98,0.1414213562373095,0.37594914742736535,WS_N_100_K_30_P_0.2
0.05,22,4,0.99,0.1,0.3737781645820242,WS_N_100_K_30_P_0.2
0.05,23,0,1.0,0.0,0.3705812933061117,WS_N_100_K_30_P_0.2
0.05,23,1,0.98,0.1414213562373095,0.37532175265379925,WS_N_100_K_30_P_0.2
0.05,23,2,0.98,0.1414213562373095,0.3761416866644665,WS_N_100_K_30_P_0.2
0.05,23,3,0.98,0.1414213562373095,0.37679773602897976,WS_N_100_K_30_P_0.2
0.05,23,4,1.0,0.0,0.3705351848540952,WS_N_100_K_30_P_0.2
0.05,24,0,1.0,0.0,0.3705812933061117,WS_N_100_K_30_P_0.2
0.05,24,1,1.0,0.0,0.36956826666991494,WS_N_100_K_30_P_0.2
0.05,24,2,0.99,0.1,0.37301646597963267,WS_N_100_K_30_P_0.2
0.05,24,3,0.97,0.17320508075688773,0.38063073927760527,WS_N_100_K_30_P_0.2
0.05,24,4,1.0,0.0,0.3705351848540952,WS_N_100_K_30_P_0.2
0.05,25,0,1.0,0.0,0.3705812933061117,WS_N_100_K_30_P_0.2
0.05,25,1,0.99,0.1,0.3720652571542487,WS_N_100_K_30_P_0.2
0.05,25,2,0.99,0.1,0.37301646597963267,WS_N_100_K_30_P_0.2
0.05,25,3,1.0,0.0,0.3699946947004102,WS_N_100_K_30_P_0.2
0.05,25,4,0.99,0.1,0.374116278557249,WS_N_100_K_30_P_0.2
0.05,26,0,1.0,0.0,0.3705812933061117,WS_N_100_K_30_P_0.2
0.05,26,1,0.99,0.1,0.37405084823154555,WS_N_100_K_30_P_0.2
0.05,26,2,1.0,0.0,0.369766805958142,WS_N_100_K_30_P_0.2
0.05,26,3,0.98,0.13696338973566874,0.37712638230447826,WS_N_100_K_30_P_0.2
0.05,26,4,0.99,0.1,0.37341555987627995,WS_N_100_K_30_P_0.2
0.05,27,0,1.0,0.0,0.3705812933061117,WS_N_100_K_30_P_0.2
0.05,27,1,1.0,0.0,0.36956826666991494,WS_N_100_K_30_P_0.2
0.05,27,2,0.99,0.1,0.3736719371252514,WS_N_100_K_30_P_0.2
0.05,27,3,1.0,0.0,0.3699946947004102,WS_N_100_K_30_P_0.2
0.05,27,4,0.99,0.1,0.3747283325488726,WS_N_100_K_30_P_0.2
0.05,28,0,1.0,0.0,0.3705812933061117,WS_N_100_K_30_P_0.2
0.05,28,1,1.0,0.0,0.36956826666991494,WS_N_100_K_30_P_0.2
0.05,28,2,1.0,0.0,0.369766805958142,WS_N_100_K_30_P_0.2
0.05,28,3,1.0,0.0,0.3699946947004102,WS_N_100_K_30_P_0.2
0.05,28,4,1.0,0.0,0.3705351848540952,WS_N_100_K_30_P_0.2
0.05,29,0,1.0,0.0,0.3705812933061117,WS_N_100_K_30_P_0.2
0.05,29,1,1.0,0.0,0.36956826666991494,WS_N_100_K_30_P_0.2
0.05,29,2,1.0,0.0,0.369766805958142,WS_N_100_K_30_P_0.2
0.05,29,3,1.0,0.0,0.3699946947004102,WS_N_100_K_30_P_0.2
0.05,29,4,1.0,0.0,0.3705351848540952,WS_N_100_K_30_P_0.2
0.1,15,0,0.68,0.4020002898208556,0.37157657559712326,WS_N_100_K_30_P_0.2
0.1,15,1,0.54,0.42959994759916137,0.34055252998667845,WS_N_100_K_30_P_0.2
0.1,15,2,0.6,0.4518458783914582,0.3635843833839143,WS_N_100_K_30_P_0.2
0.1,15,3,0.67,0.41406426974763255,0.3694087656521516,WS_N_100_K_30_P_0.2
0.1,15,4,0.57,0.42369117005490403,0.3466432365850341,WS_N_100_K_30_P_0.2
0.1,16,0,0.69,0.43608609594336195,0.38525292115473925,WS_N_100_K_30_P_0.2
0.1,16,1,0.71,0.38841745833179164,0.36555028922635674,WS_N_100_K_30_P_0.2
0.1,16,2,0.71,0.38595679117477255,0.36494347274695865,WS_N_100_K_30_P_0.2
0.1,16,3,0.72,0.40394930247138855,0.3737623742503034,WS_N_100_K_30_P_0.2
0.1,16,4,0.66,0.41166039770952206,0.3657287606983298,WS_N_100_K_30_P_0.2
0.1,17,0,0.63,0.4118477271557085,0.354134019273106,WS_N_100_K_30_P_0.2
0.1,17,1,0.78,0.3761963718618128,0.38974633693249633,WS_N_100_K_30_P_0.2
0.1,17,2,0.75,0.38452438394809885,0.3817578583562807,WS_N_100_K_30_P_0.2
0.1,17,3,0.73,0.3903692078470289,0.3724134476914784,WS_N_100_K_30_P_0.2
0.1,17,4,0.83,0.3650273512778469,0.3976443475325932,WS_N_100_K_30_P_0.2
0.1,18,0,0.76,0.3837816701343802,0.38157102298019546,WS_N_100_K_30_P_0.2
0.1,18,1,0.82,0.35592616755585094,0.3887514838707544,WS_N_100_K_30_P_0.2
0.1,18,2,0.77,0.3789160797360498,0.38353426335159446,WS_N_100_K_30_P_0.2
0.1,18,3,0.87,0.32041305631135775,0.3928486207679392,WS_N_100_K_30_P_0.2
0.1,18,4,0.83,0.3514333640113839,0.3893762795408037,WS_N_100_K_30_P_0.2
0.1,19,0,0.86,0.32805242069820056,0.391726777728068,WS_N_100_K_30_P_0.2
0.1,19,1,0.93,0.2382325438570823,0.38718250818548805,WS_N_100_K_30_P_0.2
0.1,19,2,0.92,0.26446014290751596,0.3916580964313553,WS_N_100_K_30_P_0.2
0.1,19,3,0.86,0.32735522321511457,0.3945143992552815,WS_N_100_K_30_P_0.2
0.1,19,4,0.86,0.32830516799435583,0.3956715184156496,WS_N_100_K_30_P_0.2
0.1,20,0,0.94,0.23395879393630595,0.3853769528794169,WS_N_100_K_30_P_0.2
0.1,20,1,0.91,0.2850945332948079,0.3963653840222894,WS_N_100_K_30_P_0.2
0.1,20,2,0.93,0.2445231535889958,0.38588596749929116,WS_N_100_K_30_P_0.2
0.1,20,3,0.92,0.26644375446263824,0.38981689701284433,WS_N_100_K_30_P_0.2
0.1,20,4,0.96,0.1906960224076752,0.38305121423097516,WS_N_100_K_30_P_0.2
0.1,21,0,0.92,0.25669071422982126,0.3912935008331958,WS_N_100_K_30_P_0.2
0.1,21,1,0.94,0.23384373504359451,0.3856028760462634,WS_N_100_K_30_P_0.2
0.1,21,2,0.97,0.16924677505942107,0.37759050093688756,WS_N_100_K_30_P_0.2
0.1,21,3,0.95,0.21476743337016357,0.3836697124427268,WS_N_100_K_30_P_0.2
0.1,21,4,0.92,0.26365983504483875,0.3896982507463166,WS_N_100_K_30_P_0.2
0.1,22,0,0.98,0.1414213562373095,0.3785901411136196,WS_N_100_K_30_P_0.2
0.1,22,1,0.98,0.1414213562373095,0.3751631250483875,WS_N_100_K_30_P_0.2
0.1,22,2,0.96,0.2,0.3841657230959503,WS_N_100_K_30_P_0.2
0.1,22,3,0.98,0.1414213562373095,0.37594914742736535,WS_N_100_K_30_P_0.2
0.1,22,4,0.97,0.16914729281640367,0.37857229470355097,WS_N_100_K_30_P_0.2
0.1,23,0,0.99,0.1,0.37416194570679834,WS_N_100_K_30_P_0.2
0.1,23,1,0.97,0.17320508075688773,0.3791696768223578,WS_N_100_K_30_P_0.2
0.1,23,2,0.98,0.1414213562373095,0.3761416866644665,WS_N_100_K_30_P_0.2
0.1,23,3,0.97,0.16937378773277706,0.3795494186466585,WS_N_100_K_30_P_0.2
0.1,23,4,1.0,0.0,0.3705351848540952,WS_N_100_K_30_P_0.2
0.1,24,0,0.97,0.17320508075688773,0.3784308539628772,WS_N_100_K_30_P_0.2
0.1,24,1,0.99,0.1,0.37245611939161705,WS_N_100_K_30_P_0.2
0.1,24,2,0.99,0.1,0.37301646597963267,WS_N_100_K_30_P_0.2
0.1,24,3,0.97,0.17320508075688773,0.38063073927760527,WS_N_100_K_30_P_0.2
0.1,24,4,1.0,0.0,0.3705351848540952,WS_N_100_K_30_P_0.2
0.1,25,0,1.0,0.0,0.3705812933061117,WS_N_100_K_30_P_0.2
0.1,25,1,0.99,0.1,0.3720652571542487,WS_N_100_K_30_P_0.2
0.1,25,2,0.98,0.1414213562373095,0.3774580999598072,WS_N_100_K_30_P_0.2
0.1,25,3,1.0,0.0,0.3699946947004102,WS_N_100_K_30_P_0.2
0.1,25,4,0.99,0.1,0.374116278557249,WS_N_100_K_30_P_0.2
0.1,26,0,1.0,0.0,0.3705812933061117,WS_N_100_K_30_P_0.2
0.1,26,1,0.98,0.13692175347562308,0.37652985930827493,WS_N_100_K_30_P_0.2
0.1,26,2,1.0,0.0,0.369766805958142,WS_N_100_K_30_P_0.2
0.1,26,3,0.98,0.13696338973566874,0.37712638230447826,WS_N_100_K_30_P_0.2
0.1,26,4,0.99,0.1,0.37341555987627995,WS_N_100_K_30_P_0.2
0.1,27,0,1.0,0.0,0.3705812933061117,WS_N_100_K_30_P_0.2
0.1,27,1,1.0,0.0,0.36956826666991494,WS_N_100_K_30_P_0.2
0.1,27,2,0.99,0.1,0.3736719371252514,WS_N_100_K_30_P_0.2
0.1,27,3,1.0,0.0,0.3699946947004102,WS_N_100_K_30_P_0.2
0.1,27,4,0.99,0.1,0.3747283325488726,WS_N_100_K_30_P_0.2
0.1,28,0,1.0,0.0,0.3705812933061117,WS_N_100_K_30_P_0.2
0.1,28,1,1.0,0.0,0.36956826666991494,WS_N_100_K_30_P_0.2
0.1,28,2,1.0,0.0,0.369766805958142,WS_N_100_K_30_P_0.2
0.1,28,3,1.0,0.0,0.3699946947004102,WS_N_100_K_30_P_0.2
0.1,28,4,1.0,0.0,0.3705351848540952,WS_N_100_K_30_P_0.2
0.1,29,0,1.0,0.0,0.3705812933061117,WS_N_100_K_30_P_0.2
0.1,29,1,1.0,0.0,0.36956826666991494,WS_N_100_K_30_P_0.2
0.1,29,2,1.0,0.0,0.369766805958142,WS_N_100_K_30_P_0.2
0.1,29,3,1.0,0.0,0.3699946947004102,WS_N_100_K_30_P_0.2
0.1,29,4,0.99,0.1,0.3747283325488726,WS_N_100_K_30_P_0.2
0.2,15,0,0.49,0.3574831155545389,0.31862235854720783,WS_N_100_K_30_P_0.2
0.2,15,1,0.33,0.3837911158537499,0.2960068236417676,WS_N_100_K_30_P_0.2
0.2,15,2,0.43,0.37120838738327205,0.30910198469108874,WS_N_100_K_30_P_0.2
0.2,15,3,0.45,0.37335483023123817,0.30977135309038095,WS_N_100_K_30_P_0.2
0.2,15,4,0.42,0.3771748636540558,0.3105838251510245,WS_N_100_K_30_P_0.2
0.2,16,0,0.55,0.42762697561221813,0.3367694331414158,WS_N_100_K_30_P_0.2
0.2,16,1,0.55,0.4021314524055411,0.31812854604791196,WS_N_100_K_30_P_0.2
0.2,16,2,0.54,0.40006686481435527,0.3214414918786969,WS_N_100_K_30_P_0.2
0.2,16,3,0.53,0.4226002239734691,0.3243796986400288,WS_N_100_K_30_P_0.2
0.2,16,4,0.48,0.44455800638243964,0.32812155330688125,WS_N_100_K_30_P_0.2
0.2,17,0,0.53,0.39696448443755367,0.3126298175864099,WS_N_100_K_30_P_0.2
0.2,17,1,0.63,0.38114284644778884,0.3392309912339816,WS_N_100_K_30_P_0.2
0.2,17,2,0.57,0.4117304706419222,0.337811402168564,WS_N_100_K_30_P_0.2
0.2,17,3,0.63,0.3990474836462953,0.3414464066801227,WS_N_100_K_30_P_0.2
0.2,17,4,0.67,0.3963621860589265,0.35518304209219637,WS_N_100_K_30_P_0.2
0.2,18,0,0.67,0.39875875097906244,0.35791003919594033,WS_N_100_K_30_P_0.2
0.2,18,1,0.66,0.4006944820889266,0.353738399471701,WS_N_100_K_30_P_0.2
0.2,18,2,0.67,0.4068752565239827,0.36510202900439553,WS_N_100_K_30_P_0.2
0.2,18,3,0.76,0.3880664623764984,0.38269713596184696,WS_N_100_K_30_P_0.2
0.2,18,4,0.7,0.3889945863794868,0.3567665046022074,WS_N_100_K_30_P_0.2
0.2,19,0,0.83,0.34034770399166436,0.38605945335600267,WS_N_100_K_30_P_0.2
0.2,19,1,0.86,0.32086910674580343,0.3922474989744741,WS_N_100_K_30_P_0.2
0.2,19,2,0.84,0.3395463456277311,0.3921740528361858,WS_N_100_K_30_P_0.2
0.2,19,3,0.76,0.36411332261797213,0.37706158020643016,WS_N_100_K_30_P_0.2
0.2,19,4,0.71,0.392199070992713,0.37427572098620854,WS_N_100_K_30_P_0.2
0.2,20,0,0.85,0.3285364091917358,0.3901523020562742,WS_N_100_K_30_P_0.2
0.2,20,1,0.82,0.34500649025651964,0.38725230730846455,WS_N_100_K_30_P_0.2
0.2,20,2,0.89,0.29923821189747984,0.38943255815246686,WS_N_100_K_30_P_0.2
0.2,20,3,0.85,0.3320426301229634,0.3899028926080327,WS_N_100_K_30_P_0.2
0.2,20,4,0.86,0.3241318916113562,0.3935918309606548,WS_N_100_K_30_P_0.2
0.2,21,0,0.88,0.3010782078262968,0.39156042773525823,WS_N_100_K_30_P_0.2
0.2,21,1,0.91,0.2734810332436948,0.38894490795579956,WS_N_100_K_30_P_0.2
0.2,21,2,0.86,0.32638431181106126,0.39064889498813193,WS_N_100_K_30_P_0.2
0.2,21,3,0.86,0.3266617490861511,0.3883294970125982,WS_N_100_K_30_P_0.2
0.2,21,4,0.84,0.34560601545831543,0.3939546235088206,WS_N_100_K_30_P_0.2
0.2,22,0,0.97,0.16966993768901684,0.38165461697173986,WS_N_100_K_30_P_0.2
0.2,22,1,0.9,0.291074685450478,0.39266267219486983,WS_N_100_K_30_P_0.2
0.2,22,2,0.91,0.2803154485004908,0.3923599306435745,WS_N_100_K_30_P_0.2
0.2,22,3,0.95,0.2115970738879158,0.3834747802204444,WS_N_100_K_30_P_0.2
0.2,22,4,0.93,0.25440457671336997,0.390483960230114,WS_N_100_K_30_P_0.2
0.2,23,0,0.94,0.2339738401865504,0.38639464325931383,WS_N_100_K_30_P_0.2
0.2,23,1,0.91,0.272683326575885,0.3855106545643277,WS_N_100_K_30_P_0.2
0.2,23,2,0.93,0.2473074860730425,0.3873118547232359,WS_N_100_K_30_P_0.2
0.2,23,3,0.96,0.19669133171278247,0.3830462476799415,WS_N_100_K_30_P_0.2
0.2,23,4,0.99,0.1,0.3737781645820242,WS_N_100_K_30_P_0.2
0.2,24,0,0.96,0.1898963726022,0.37938313048642575,WS_N_100_K_30_P_0.2
0.2,24,1,0.98,0.1365390560689488,0.37491092016700595,WS_N_100_K_30_P_0.2
0.2,24,2,0.97,0.16532336777622622,0.37724490468312344,WS_N_100_K_30_P_0.2
0.2,24,3,0.91,0.2718497799790517,0.38753668156926363,WS_N_100_K_30_P_0.2
0.2,24,4,0.98,0.1414213562373095,0.3779353335139581,WS_N_100_K_30_P_0.2
0.2,25,0,0.98,0.1365390560689488,0.3759095493326768,WS_N_100_K_30_P_0.2
0.2,25,1,0.99,0.1,0.3720652571542487,WS_N_100_K_30_P_0.2
0.2,25,2,0.97,0.16931237367201366,0.37988682730004064,WS_N_100_K_30_P_0.2
0.2,25,3,0.98,0.1414213562373095,0.3788318698673424,WS_N_100_K_30_P_0.2
0.2,25,4,0.97,0.17320508075688773,0.3814877224166506,WS_N_100_K_30_P_0.2
0.2,26,0,0.98,0.1414213562373095,0.3781570624171832,WS_N_100_K_30_P_0.2
0.2,26,1,0.98,0.13692175347562308,0.37652985930827493,WS_N_100_K_30_P_0.2
0.2,26,2,0.99,0.1,0.3745088818081516,WS_N_100_K_30_P_0.2
0.2,26,3,0.97,0.16958469897925546,0.38124704356894823,WS_N_100_K_30_P_0.2
0.2,26,4,0.98,0.13675376235464223,0.37677146608536727,WS_N_100_K_30_P_0.2
0.2,27,0,1.0,0.0,0.3705812933061117,WS_N_100_K_30_P_0.2
0.2,27,1,1.0,0.0,0.36956826666991494,WS_N_100_K_30_P_0.2
0.2,27,2,0.99,0.1,0.3736719371252514,WS_N_100_K_30_P_0.2
0.2,27,3,1.0,0.0,0.3699946947004102,WS_N_100_K_30_P_0.2
0.2,27,4,0.96,0.1901799823639892,0.3814783936893394,WS_N_100_K_30_P_0.2
0.2,28,0,0.98,0.1414213562373095,0.3794695793012888,WS_N_100_K_30_P_0.2
0.2,28,1,0.99,0.1,0.37347547380766116,WS_N_100_K_30_P_0.2
0.2,28,2,1.0,0.0,0.369766805958142,WS_N_100_K_30_P_0.2
0.2,28,3,1.0,0.0,0.3699946947004102,WS_N_100_K_30_P_0.2
0.2,28,4,1.0,0.0,0.3705351848540952,WS_N_100_K_30_P_0.2
0.2,29,0,1.0,0.0,0.3705812933061117,WS_N_100_K_30_P_0.2
0.2,29,1,1.0,0.0,0.36956826666991494,WS_N_100_K_30_P_0.2
0.2,29,2,1.0,0.0,0.369766805958142,WS_N_100_K_30_P_0.2
0.2,29,3,1.0,0.0,0.3699946947004102,WS_N_100_K_30_P_0.2
0.2,29,4,0.99,0.1,0.3747283325488726,WS_N_100_K_30_P_0.2
0.3,15,0,0.5,0.3118033764096172,0.2926477263684486,WS_N_100_K_30_P_0.2
0.3,15,1,0.43,0.3124035165097143,0.2684048701092118,WS_N_100_K_30_P_0.2
0.3,15,2,0.49,0.31235586204723,0.2767576098003473,WS_N_100_K_30_P_0.2
0.3,15,3,0.59,0.2709839296154332,0.24599506886955727,WS_N_100_K_30_P_0.2
0.3,15,4,0.51,0.29780400409004537,0.2643396632771578,WS_N_100_K_30_P_0.2
0.3,16,0,0.38,0.34203477712567565,0.2948239308423234,WS_N_100_K_30_P_0.2
0.3,16,1,0.41,0.3126994610394669,0.2828498239100546,WS_N_100_K_30_P_0.2
0.3,16,2,0.41,0.3296013058389106,0.28806319360667487,WS_N_100_K_30_P_0.2
0.3,16,3,0.44,0.32857245693448145,0.28529835194568,WS_N_100_K_30_P_0.2
0.3,16,4,0.39,0.33157613596717295,0.28366147880685005,WS_N_100_K_30_P_0.2
0.3,17,0,0.41,0.3590247175764988,0.28283219494078954,WS_N_100_K_30_P_0.2
0.3,17,1,0.38,0.3430489154313308,0.28372696901481526,WS_N_100_K_30_P_0.2
0.3,17,2,0.41,0.3539684822296145,0.28981024459318544,WS_N_100_K_30_P_0.2
0.3,17,3,0.4,0.34117656371797156,0.275661806058907,WS_N_100_K_30_P_0.2
0.3,17,4,0.46,0.31199041124396704,0.2755905962535786,WS_N_100_K_30_P_0.2
0.3,18,0,0.47,0.40214222858636867,0.296457939399177,WS_N_100_K_30_P_0.2
0.3,18,1,0.52,0.3697441760161592,0.2925240331495976,WS_N_100_K_30_P_0.2
0.3,18,2,0.4,0.40023083698942874,0.28283700488536984,WS_N_100_K_30_P_0.2
0.3,18,3,0.46,0.38715853208397905,0.2909687837151141,WS_N_100_K_30_P_0.2
0.3,18,4,0.52,0.37144245994066316,0.2937449647884806,WS_N_100_K_30_P_0.2
0.3,19,0,0.64,0.3872357755322674,0.3409381785461654,WS_N_100_K_30_P_0.2
0.3,19,1,0.68,0.38522282117879414,0.35871402937023317,WS_N_100_K_30_P_0.2
0.3,19,2,0.65,0.38830950237075296,0.3448439200211422,WS_N_100_K_30_P_0.2
0.3,19,3,0.54,0.3612595467902751,0.30265946776860664,WS_N_100_K_30_P_0.2
0.3,19,4,0.48,0.37204251478403877,0.2859148655213821,WS_N_100_K_30_P_0.2
0.3,20,0,0.65,0.39003222059746095,0.3459517365677743,WS_N_100_K_30_P_0.2
0.3,20,1,0.7,0.37732299602768854,0.35972662656044274,WS_N_100_K_30_P_0.2
0.3,20,2,0.77,0.38023882233225464,0.3853791362117869,WS_N_100_K_30_P_0.2
0.3,20,3,0.71,0.3951496711874148,0.36630075314015503,WS_N_100_K_30_P_0.2
0.3,20,4,0.71,0.38739112350837285,0.36674872459649094,WS_N_100_K_30_P_0.2
0.3,21,0,0.73,0.37398643844026463,0.3721171961245898,WS_N_100_K_30_P_0.2
0.3,21,1,0.8,0.3649114244481191,0.3866098624562586,WS_N_100_K_30_P_0.2
0.3,21,2,0.61,0.38514560594282277,0.33170504171893567,WS_N_100_K_30_P_0.2
0.3,21,3,0.72,0.39103610787051574,0.3686528335654258,WS_N_100_K_30_P_0.2
0.3,21,4,0.7,0.392704963815498,0.36195475615164857,WS_N_100_K_30_P_0.2
0.3,22,0,0.86,0.33107310870117995,0.3974852859014346,WS_N_100_K_30_P_0.2
0.3,22,1,0.76,0.38597152458943756,0.38315317983786723,WS_N_100_K_30_P_0.2
0.3,22,2,0.73,0.379905248700703,0.3716167132384786,WS_N_100_K_30_P_0.2
0.3,22,3,0.86,0.3314772338581651,0.3936313552269319,WS_N_100_K_30_P_0.2
0.3,22,4,0.83,0.3460034268359722,0.38758387984033205,WS_N_100_K_30_P_0.2
0.3,23,0,0.82,0.35980670128554304,0.39188579538211527,WS_N_100_K_30_P_0.2
0.3,23,1,0.83,0.3504804060929135,0.3887593119872327,WS_N_100_K_30_P_0.2
0.3,23,2,0.83,0.34258330987409064,0.38917077345491297,WS_N_100_K_30_P_0.2
0.3,23,3,0.83,0.3502830211769737,0.3893104486071049,WS_N_100_K_30_P_0.2
0.3,23,4,0.81,0.35004866551646063,0.3847708143380474,WS_N_100_K_30_P_0.2
0.3,24,0,0.87,0.30345003208425214,0.3816786970422255,WS_N_100_K_30_P_0.2
0.3,24,1,0.91,0.2798194274554963,0.38923938647384493,WS_N_100_K_30_P_0.2
0.3,24,2,0.88,0.30983635043346863,0.3921009003892124,WS_N_100_K_30_P_0.2
0.3,24,3,0.86,0.3198599050930211,0.38848880031933175,WS_N_100_K_30_P_0.2
0.3,24,4,0.93,0.24959322074462167,0.38887466563265705,WS_N_100_K_30_P_0.2
0.3,25,0,0.94,0.231397618882974,0.3857186244006194,WS_N_100_K_30_P_0.2
0.3,25,1,0.93,0.24684688475087527,0.38635579579078344,WS_N_100_K_30_P_0.2
0.3,25,2,0.91,0.2726573805979442,0.38588449175847045,WS_N_100_K_30_P_0.2
0.3,25,3,0.92,0.2694465210354456,0.3934073924669723,WS_N_100_K_30_P_0.2
0.3,25,4,0.89,0.3042821008103081,0.39667329051629524,WS_N_100_K_30_P_0.2
0.3,26,0,0.95,0.22360679774997896,0.38470013869375524,WS_N_100_K_30_P_0.2
0.3,26,1,0.96,0.1968440158471659,0.38550489058505477,WS_N_100_K_30_P_0.2
0.3,26,2,0.97,0.17320508075688773,0.38183202544658346,WS_N_100_K_30_P_0.2
0.3,26,3,0.94,0.22912879842884365,0.386213680382153,WS_N_100_K_30_P_0.2
0.3,26,4,0.93,0.25187578369907804,0.3888001618413365,WS_N_100_K_30_P_0.2
0.3,27,0,0.95,0.21498594339529936,0.38551197950275157,WS_N_100_K_30_P_0.2
0.3,27,1,0.98,0.13644567096404536,0.37451685019761544,WS_N_100_K_30_P_0.2
0.3,27,2,0.99,0.1,0.3736719371252514,WS_N_100_K_30_P_0.2
0.3,27,3,0.96,0.1903967024367672,0.38279369064957514,WS_N_100_K_30_P_0.2
0.3,27,4,0.93,0.2395222281156984,0.3857364670642709,WS_N_100_K_30_P_0.2
0.3,28,0,0.95,0.2204249303236198,0.38789166378822965,WS_N_100_K_30_P_0.2
0.3,28,1,0.97,0.16937378773277706,0.37913373737768585,WS_N_100_K_30_P_0.2
0.3,28,2,0.96,0.2,0.3844367778129035,WS_N_100_K_30_P_0.2
0.3,28,3,0.99,0.1,0.37358096950074476,WS_N_100_K_30_P_0.2
0.3,28,4,0.99,0.1,0.374116278557249,WS_N_100_K_30_P_0.2
0.3,29,0,1.0,0.0,0.3705812933061117,WS_N_100_K_30_P_0.2
0.3,29,1,0.99,0.1,0.37347547380766116,WS_N_100_K_30_P_0.2
0.3,29,2,0.98,0.13634517437233323,0.37428934502556055,WS_N_100_K_30_P_0.2
0.3,29,3,0.98,0.13681697487033032,0.37650783695729956,WS_N_100_K_30_P_0.2
0.3,29,4,0.97,0.1657780203738865,0.37948587306764797,WS_N_100_K_30_P_0.2
0.4,15,0,0.51,0.25174544695161066,0.23166963360886242,WS_N_100_K_30_P_0.2
0.4,15,1,0.43,0.25045663030587395,0.2322514424350471,WS_N_100_K_30_P_0.2
0.4,15,2,0.49,0.254686316601241,0.2414851977760753,WS_N_100_K_30_P_0.2
0.4,15,3,0.54,0.24851891092906883,0.2325460356120892,WS_N_100_K_30_P_0.2
0.4,15,4,0.46,0.268887971606513,0.24818842570201188,WS_N_100_K_30_P_0.2
0.4,16,0,0.4,0.27379444205413506,0.2455913660852021,WS_N_100_K_30_P_0.2
0.4,16,1,0.46,0.28794760703213196,0.25753983867073127,WS_N_100_K_30_P_0.2
0.4,16,2,0.52,0.26351771740413404,0.24276698100201644,WS_N_100_K_30_P_0.2
0.4,16,3,0.44,0.27244275016180636,0.24915580741022145,WS_N_100_K_30_P_0.2
0.4,16,4,0.46,0.2573969512878588,0.22954816475391895,WS_N_100_K_30_P_0.2
0.4,17,0,0.53,0.27289435111858545,0.24365642486968075,WS_N_100_K_30_P_0.2
0.4,17,1,0.46,0.2587725425599384,0.2354240412392747,WS_N_100_K_30_P_0.2
0.4,17,2,0.51,0.2814293608674065,0.2455073120328973,WS_N_100_K_30_P_0.2
0.4,17,3,0.48,0.2604571991144518,0.22857801118978882,WS_N_100_K_30_P_0.2
0.4,17,4,0.53,0.26155880739134985,0.2420093925495595,WS_N_100_K_30_P_0.2
0.4,18,0,0.56,0.3397350128777638,0.2768428443750468,WS_N_100_K_30_P_0.2
0.4,18,1,0.6,0.32339962086044644,0.28182080807583454,WS_N_100_K_30_P_0.2
0.4,18,2,0.59,0.3136842418402859,0.27296115585225544,WS_N_100_K_30_P_0.2
0.4,18,3,0.49,0.319043165394517,0.2750371629030505,WS_N_100_K_30_P_0.2
0.4,18,4,0.55,0.3378315838235193,0.28931724079118504,WS_N_100_K_30_P_0.2
0.4,19,0,0.34,0.3027560436479734,0.26780623410911164,WS_N_100_K_30_P_0.2
0.4,19,1,0.34,0.28576869716370773,0.24971428275043248,WS_N_100_K_30_P_0.2
0.4,19,2,0.33,0.340246958409078,0.28297350294583534,WS_N_100_K_30_P_0.2
0.4,19,3,0.38,0.25050505741203677,0.2420828014860503,WS_N_100_K_30_P_0.2
0.4,19,4,0.39,0.3311454622992225,0.2813919451554977,WS_N_100_K_30_P_0.2
0.4,20,0,0.36,0.3224608807470904,0.2544857010784786,WS_N_100_K_30_P_0.2
0.4,20,1,0.43,0.35202377330339585,0.2824292334034951,WS_N_100_K_30_P_0.2
0.4,20,2,0.44,0.32823102122260883,0.2731655634220932,WS_N_100_K_30_P_0.2
0.4,20,3,0.51,0.34674388890901514,0.28786180603864925,WS_N_100_K_30_P_0.2
0.4,20,4,0.36,0.28065763275295674,0.23555016562609668,WS_N_100_K_30_P_0.2
0.4,21,0,0.5,0.3537229585168187,0.2866526534737626,WS_N_100_K_30_P_0.2
0.4,21,1,0.56,0.39610944090397676,0.31534027532804026,WS_N_100_K_30_P_0.2
0.4,21,2,0.4,0.31531598552607815,0.2444986692133865,WS_N_100_K_30_P_0.2
0.4,21,3,0.45,0.3480052267322906,0.26931142919488726,WS_N_100_K_30_P_0.2
0.4,21,4,0.55,0.3704501374995537,0.3053216403265,WS_N_100_K_30_P_0.2
0.4,22,0,0.65,0.3970811702318812,0.3507273811759359,WS_N_100_K_30_P_0.2
0.4,22,1,0.57,0.38995505293605537,0.31691993340063906,WS_N_100_K_30_P_0.2
0.4,22,2,0.54,0.3671151914169204,0.30371188004845606,WS_N_100_K_30_P_0.2
0.4,22,3,0.65,0.3910359950641438,0.3453000014005194,WS_N_100_K_30_P_0.2
0.4,22,4,0.59,0.3830933334523867,0.32103911626879955,WS_N_100_K_30_P_0.2
0.4,23,0,0.65,0.3992404067268506,0.34692361178101966,WS_N_100_K_30_P_0.2
0.4,23,1,0.65,0.4108924217960743,0.3532501951624394,WS_N_100_K_30_P_0.2
0.4,23,2,0.66,0.3870520472660153,0.3491018271890671,WS_N_100_K_30_P_0.2
0.4,23,3,0.66,0.38943401353870716,0.3487759130735053,WS_N_100_K_30_P_0.2
0.4,23,4,0.63,0.39131271010224405,0.34440419178475107,WS_N_100_K_30_P_0.2
0.4,24,0,0.62,0.39354346630731585,0.3334196334180699,WS_N_100_K_30_P_0.2
0.4,24,1,0.74,0.37911785318840024,0.36747344661563525,WS_N_100_K_30_P_0.2
0.4,24,2,0.7,0.3954153292125645,0.3657321812345935,WS_N_100_K_30_P_0.2
0.4,24,3,0.73,0.37794149681823397,0.36773162248702324,WS_N_100_K_30_P_0.2
0.4,24,4,0.78,0.3650222953343496,0.3812520334158775,WS_N_100_K_30_P_0.2
0.4,25,0,0.78,0.36890838444806323,0.38387296481418137,WS_N_100_K_30_P_0.2
0.4,25,1,0.83,0.35413984819857275,0.38970753899104676,WS_N_100_K_30_P_0.2
0.4,25,2,0.72,0.38252876180893347,0.36846402846689674,WS_N_100_K_30_P_0.2
0.4,25,3,0.79,0.3662856716708793,0.38603797587171373,WS_N_100_K_30_P_0.2
0.4,25,4,0.77,0.3778860574863113,0.3828127003588769,WS_N_100_K_30_P_0.2
0.4,26,0,0.83,0.3504603899322741,0.38981840730469935,WS_N_100_K_30_P_0.2
0.4,26,1,0.83,0.34522077964308406,0.38762314721715224,WS_N_100_K_30_P_0.2
0.4,26,2,0.84,0.34793682675200854,0.3918157658552822,WS_N_100_K_30_P_0.2
0.4,26,3,0.81,0.3506637540441203,0.38707937863523056,WS_N_100_K_30_P_0.2
0.4,26,4,0.82,0.36413400981028043,0.3957232451502808,WS_N_100_K_30_P_0.2
0.4,27,0,0.87,0.3108616483239599,0.39169498776768286,WS_N_100_K_30_P_0.2
0.4,27,1,0.9,0.28122656387047856,0.3888827736644402,WS_N_100_K_30_P_0.2
0.4,27,2,0.86,0.32373231275955305,0.3883228695306286,WS_N_100_K_30_P_0.2
0.4,27,3,0.85,0.3304099569502398,0.38952075652452395,WS_N_100_K_30_P_0.2
0.4,27,4,0.85,0.3292179958965949,0.3862425101886676,WS_N_100_K_30_P_0.2
0.4,28,0,0.86,0.3296548724652913,0.3952686964147519,WS_N_100_K_30_P_0.2
0.4,28,1,0.91,0.2777660773569797,0.38994537141621083,WS_N_100_K_30_P_0.2
0.4,28,2,0.92,0.2551418844710986,0.38695257690627477,WS_N_100_K_30_P_0.2
0.4,28,3,0.89,0.29629206412526715,0.3873126118652962,WS_N_100_K_30_P_0.2
0.4,28,4,0.91,0.27143677905519054,0.39003617203785723,WS_N_100_K_30_P_0.2
0.4,29,0,0.96,0.19026772174349152,0.38152813282432735,WS_N_100_K_30_P_0.2
0.4,29,1,0.94,0.2311281281991019,0.3831735359825853,WS_N_100_K_30_P_0.2
0.4,29,2,0.94,0.23633265378314058,0.38545992656885397,WS_N_100_K_30_P_0.2
0.4,29,3,0.97,0.16576741630866879,0.3786605351111219,WS_N_100_K_30_P_0.2
0.4,29,4,0.89,0.29809892474394567,0.392609244563568,WS_N_100_K_30_P_0.2
0.5,15,0,0.39,0.22906378531830723,0.21576103745708639,WS_N_100_K_30_P_0.2
0.5,15,1,0.45,0.2243945551579124,0.21452124646807236,WS_N_100_K_30_P_0.2
0.5,15,2,0.47,0.2335651465469717,0.22127064544058347,WS_N_100_K_30_P_0.2
0.5,15,3,0.45,0.22868257690545546,0.2138380249113193,WS_N_100_K_30_P_0.2
0.5,15,4,0.43,0.19398554764565168,0.18051421506030144,WS_N_100_K_30_P_0.2
0.5,16,0,0.4,0.23775570352717507,0.21695427406452453,WS_N_100_K_30_P_0.2
0.5,16,1,0.47,0.23127385866436045,0.2151325556397872,WS_N_100_K_30_P_0.2
0.5,16,2,0.46,0.2198555092447502,0.19733474787364633,WS_N_100_K_30_P_0.2
0.5,16,3,0.46,0.23940247167631637,0.2214805537912318,WS_N_100_K_30_P_0.2
0.5,16,4,0.47,0.2283483894468032,0.2087822526735537,WS_N_100_K_30_P_0.2
0.5,17,0,0.4,0.2717242179735474,0.24084865445347817,WS_N_100_K_30_P_0.2
0.5,17,1,0.43,0.24557518801451136,0.2267729565981621,WS_N_100_K_30_P_0.2
0.5,17,2,0.45,0.2535952126110802,0.22424306392419033,WS_N_100_K_30_P_0.2
0.5,17,3,0.42,0.22951630108687077,0.2001968178474419,WS_N_100_K_30_P_0.2
0.5,17,4,0.49,0.24371342943285812,0.21685132515217703,WS_N_100_K_30_P_0.2
0.5,18,0,0.47,0.259478211423961,0.23173074835126226,WS_N_100_K_30_P_0.2
0.5,18,1,0.48,0.2690902657640957,0.23522673586064596,WS_N_100_K_30_P_0.2
0.5,18,2,0.53,0.2564402128452934,0.2269039112215203,WS_N_100_K_30_P_0.2
0.5,18,3,0.46,0.23998141335105277,0.21692247953970592,WS_N_100_K_30_P_0.2
0.5,18,4,0.51,0.24129579270006907,0.21794650049203002,WS_N_100_K_30_P_0.2
0.5,19,0,0.49,0.27893491238893914,0.24659482252134876,WS_N_100_K_30_P_0.2
0.5,19,1,0.52,0.2721905694846906,0.23671399369466795,WS_N_100_K_30_P_0.2
0.5,19,2,0.59,0.2923905072242517,0.2624841535506336,WS_N_100_K_30_P_0.2
0.5,19,3,0.63,0.30304472873749444,0.27915512026749534,WS_N_100_K_30_P_0.2
0.5,19,4,0.52,0.2554249742523426,0.21698513602545275,WS_N_100_K_30_P_0.2
0.5,20,0,0.54,0.28547432914258425,0.24769315328029834,WS_N_100_K_30_P_0.2
0.5,20,1,0.48,0.26121341151964544,0.22593998132010806,WS_N_100_K_30_P_0.2
0.5,20,2,0.49,0.2670942626857893,0.23181401490713757,WS_N_100_K_30_P_0.2
0.5,20,3,0.52,0.24908616449039933,0.22105822882377008,WS_N_100_K_30_P_0.2
0.5,20,4,0.44,0.28811520142851005,0.2525961752193095,WS_N_100_K_30_P_0.2
0.5,21,0,0.52,0.28684077674610803,0.2351320672955953,WS_N_100_K_30_P_0.2
0.5,21,1,0.67,0.3154473659391252,0.27447118742249865,WS_N_100_K_30_P_0.2
0.5,21,2,0.57,0.3111383949063558,0.25089553103340545,WS_N_100_K_30_P_0.2
0.5,21,3,0.38,0.22758722465826417,0.2124097650506209,WS_N_100_K_30_P_0.2
0.5,21,4,0.62,0.33102635805008435,0.2712179986163573,WS_N_100_K_30_P_0.2
0.5,22,0,0.42,0.30810464720619,0.264144738249482,WS_N_100_K_30_P_0.2
0.5,22,1,0.43,0.30556700410432375,0.27040779077920035,WS_N_100_K_30_P_0.2
0.5,22,2,0.54,0.30852380478874936,0.2802872462634746,WS_N_100_K_30_P_0.2
0.5,22,3,0.42,0.327549760741547,0.28146557709681497,WS_N_100_K_30_P_0.2
0.5,22,4,0.62,0.3136542092289994,0.2895835656894606,WS_N_100_K_30_P_0.2
0.5,23,0,0.34,0.2944554395782983,0.25102920831552483,WS_N_100_K_30_P_0.2
0.5,23,1,0.41,0.3344385234535387,0.26830297907865375,WS_N_100_K_30_P_0.2
0.5,23,2,0.36,0.2854471010227664,0.24678046990413469,WS_N_100_K_30_P_0.2
0.5,23,3,0.4,0.29484323302383475,0.25971734202879987,WS_N_100_K_30_P_0.2
0.5,23,4,0.32,0.2641057317344971,0.24356131536227646,WS_N_100_K_30_P_0.2
0.5,24,0,0.35,0.2849845546600031,0.2293539610112828,WS_N_100_K_30_P_0.2
0.5,24,1,0.45,0.3231898939939286,0.26326494707154796,WS_N_100_K_30_P_0.2
0.5,24,2,0.36,0.2979325078207759,0.2426719828422982,WS_N_100_K_30_P_0.2
0.5,24,3,0.39,0.3188657253986434,0.2534312996801805,WS_N_100_K_30_P_0.2
0.5,24,4,0.39,0.2862056560006409,0.24334585184928387,WS_N_100_K_30_P_0.2
0.5,25,0,0.5,0.3555397047905014,0.28425518960426766,WS_N_100_K_30_P_0.2
0.5,25,1,0.47,0.349079079505327,0.2726592294580815,WS_N_100_K_30_P_0.2
0.5,25,2,0.38,0.3242902092917662,0.24193183319010586,WS_N_100_K_30_P_0.2
0.5,25,3,0.45,0.3499646678420548,0.2689936273357475,WS_N_100_K_30_P_0.2
0.5,25,4,0.47,0.34524957388043664,0.2703597241532325,WS_N_100_K_30_P_0.2
0.5,26,0,0.5,0.36175043682979974,0.28763900659049724,WS_N_100_K_30_P_0.2
0.5,26,1,0.5,0.36505488287130766,0.28144922432736746,WS_N_100_K_30_P_0.2
0.5,26,2,0.53,0.37518865729403666,0.30126930350918424,WS_N_100_K_30_P_0.2
0.5,26,3,0.57,0.3761650766015058,0.318255579057972,WS_N_100_K_30_P_0.2
0.5,26,4,0.56,0.3866273378583698,0.3145240286647497,WS_N_100_K_30_P_0.2
0.5,27,0,0.59,0.3923896423626321,0.3247635363956458,WS_N_100_K_30_P_0.2
0.5,27,1,0.65,0.3849398303665234,0.34333068020378277,WS_N_100_K_30_P_0.2
0.5,27,2,0.61,0.3953959001504875,0.3327830861070728,WS_N_100_K_30_P_0.2
0.5,27,3,0.52,0.3631715343153862,0.29436219289688376,WS_N_100_K_30_P_0.2
0.5,27,4,0.7,0.3892507511340939,0.3637164602628982,WS_N_100_K_30_P_0.2
0.5,28,0,0.68,0.3904513474330473,0.3584858076305504,WS_N_100_K_30_P_0.2
0.5,28,1,0.66,0.3986849660103242,0.35110349981432776,WS_N_100_K_30_P_0.2
0.5,28,2,0.65,0.37491258383012616,0.34422770410837067,WS_N_100_K_30_P_0.2
0.5,28,3,0.67,0.37306748040770166,0.34428429365364593,WS_N_100_K_30_P_0.2
0.5,28,4,0.67,0.3859119606318793,0.3506358603964369,WS_N_100_K_30_P_0.2
0.5,29,0,0.85,0.3396057527047082,0.3932313401594056,WS_N_100_K_30_P_0.2
0.5,29,1,0.74,0.38529622229387706,0.37246928922862066,WS_N_100_K_30_P_0.2
0.5,29,2,0.75,0.3801545978757925,0.37503606912305987,WS_N_100_K_30_P_0.2
0.5,29,3,0.79,0.3740880551124877,0.3869491528290284,WS_N_100_K_30_P_0.2
0.5,29,4,0.79,0.3593187667272033,0.38444050610226344,WS_N_100_K_30_P_0.2
0.6,15,0,0.5,-1.0,-1.0,WS_N_100_K_30_P_0.2
0.6,15,1,0.5,-1.0,-1.0,WS_N_100_K_30_P_0.2
0.6,15,2,1.0,0.30876726387491554,0.3548387096774194,WS_N_100_K_30_P_0.2
0.6,15,3,0.5,-1.0,-1.0,WS_N_100_K_30_P_0.2
0.6,15,4,0.5,-1.0,-1.0,WS_N_100_K_30_P_0.2
0.6,16,0,1.0,0.2895193686106482,0.35846411732410094,WS_N_100_K_30_P_0.2
0.6,16,1,1.0,0.19520033324628697,0.2581430541899906,WS_N_100_K_30_P_0.2
0.6,16,2,0.43,0.22812662598416283,0.2115084168646987,WS_N_100_K_30_P_0.2
0.6,16,3,1.0,0.1806176058847614,0.24029556012559808,WS_N_100_K_30_P_0.2
0.6,16,4,0.48717948717948717,0.19461367758887205,0.1905547612886331,WS_N_100_K_30_P_0.2
0.6,17,0,0.42,0.224886143906058,0.19753180896848943,WS_N_100_K_30_P_0.2
0.6,17,1,0.6170212765957447,0.1372621405612674,0.16787683088053623,WS_N_100_K_30_P_0.2
0.6,17,2,0.38,0.21798028705797906,0.18884392750420914,WS_N_100_K_30_P_0.2
0.6,17,3,0.37,0.20761895456453094,0.18110800416581577,WS_N_100_K_30_P_0.2
0.6,17,4,0.4,0.19840796948588205,0.17491935191109795,WS_N_100_K_30_P_0.2
0.6,18,0,0.39,0.22052265286470366,0.19165747503573186,WS_N_100_K_30_P_0.2
0.6,18,1,0.52,0.23757384485635635,0.21922601921951212,WS_N_100_K_30_P_0.2
0.6,18,2,0.46,0.23007624399049512,0.20737065564599497,WS_N_100_K_30_P_0.2
0.6,18,3,0.45,0.2046931835096632,0.18642339283743256,WS_N_100_K_30_P_0.2
0.6,18,4,0.47,0.22300547826822303,0.1961655843255194,WS_N_100_K_30_P_0.2
0.6,19,0,0.41,0.20437391636398522,0.17437181814694927,WS_N_100_K_30_P_0.2
0.6,19,1,0.46,0.2285554592152804,0.19587628207629634,WS_N_100_K_30_P_0.2
0.6,19,2,0.46,0.2315783338848751,0.19949448219863375,WS_N_100_K_30_P_0.2
0.6,19,3,0.47,0.23241152565679296,0.21041364568592588,WS_N_100_K_30_P_0.2
0.6,19,4,0.56,0.23411123558415814,0.21499568176203662,WS_N_100_K_30_P_0.2
0.6,20,0,0.42,0.23732733933355463,0.20778684129888073,WS_N_100_K_30_P_0.2
0.6,20,1,0.4,0.21753793552951836,0.20245475798251142,WS_N_100_K_30_P_0.2
0.6,20,2,0.49,0.2546495403719436,0.22600240657805945,WS_N_100_K_30_P_0.2
0.6,20,3,0.38,0.19733265969513433,0.1715017239739206,WS_N_100_K_30_P_0.2
0.6,20,4,0.45,0.21365766470796688,0.1936476994110205,WS_N_100_K_30_P_0.2
0.6,21,0,0.47,0.24110718490836217,0.2195636102467181,WS_N_100_K_30_P_0.2
0.6,21,1,0.47,0.24605531265523065,0.2063329100448961,WS_N_100_K_30_P_0.2
0.6,21,2,0.54,0.2621523268639335,0.22909610538476205,WS_N_100_K_30_P_0.2
0.6,21,3,0.44,0.20752685945862334,0.1829324994820112,WS_N_100_K_30_P_0.2
0.6,21,4,0.57,0.2704579398855466,0.23109307672439494,WS_N_100_K_30_P_0.2
0.6,22,0,0.52,0.2374060429420185,0.22230310456463442,WS_N_100_K_30_P_0.2
0.6,22,1,0.47,0.2478280713738908,0.20960384076458152,WS_N_100_K_30_P_0.2
0.6,22,2,0.58,0.28798719329402284,0.2472738430966544,WS_N_100_K_30_P_0.2
0.6,22,3,0.46,0.22007949798464732,0.1985959195874541,WS_N_100_K_30_P_0.2
0.6,22,4,0.46,0.27458107838273005,0.24254145454511875,WS_N_100_K_30_P_0.2
0.6,23,0,0.5,0.25650750383192655,0.22749550938417812,WS_N_100_K_30_P_0.2
0.6,23,1,0.48,0.26086064487832483,0.2221318540640959,WS_N_100_K_30_P_0.2
0.6,23,2,0.56,0.26769709728286095,0.23559802795292756,WS_N_100_K_30_P_0.2
0.6,23,3,0.52,0.2935244934758079,0.2602821387197021,WS_N_100_K_30_P_0.2
0.6,23,4,0.53,0.28539796240048815,0.2475686990439296,WS_N_100_K_30_P_0.2
0.6,24,0,0.48,0.28075591394926863,0.24347861071273208,WS_N_100_K_30_P_0.2
0.6,24,1,0.48,0.23020353146219033,0.20641789104386932,WS_N_100_K_30_P_0.2
0.6,24,2,0.43,0.2646702060539237,0.227284929857695,WS_N_100_K_30_P_0.2
0.6,24,3,0.5,0.2975814914083913,0.24911992937941288,WS_N_100_K_30_P_0.2
0.6,24,4,0.48,0.2711813581574374,0.23385802231671718,WS_N_100_K_30_P_0.2
0.6,25,0,0.54,0.28346916678477085,0.23755816665739113,WS_N_100_K_30_P_0.2
0.6,25,1,0.39,0.23460517701617029,0.21338616122177237,WS_N_100_K_30_P_0.2
0.6,25,2,0.55,0.2751230135619221,0.23670135450443713,WS_N_100_K_30_P_0.2
0.6,25,3,0.54,0.2663547443928123,0.22098037490761077,WS_N_100_K_30_P_0.2
0.6,25,4,0.53,0.2692221679763132,0.2301860294355046,WS_N_100_K_30_P_0.2
0.6,26,0,0.61,0.318465195333787,0.26193163679144793,WS_N_100_K_30_P_0.2
0.6,26,1,0.48,0.3118724914638141,0.2586433789218891,WS_N_100_K_30_P_0.2
0.6,26,2,0.55,0.30048415486518576,0.25182901428837945,WS_N_100_K_30_P_0.2
0.6,26,3,0.65,0.3155051531640829,0.27463677633619527,WS_N_100_K_30_P_0.2
0.6,26,4,0.42,0.23376653009738138,0.21242870499619304,WS_N_100_K_30_P_0.2
0.6,27,0,0.46,0.30834753794861103,0.2763422419540103,WS_N_100_K_30_P_0.2
0.6,27,1,0.63,0.33243797126944646,0.28175375714203094,WS_N_100_K_30_P_0.2
0.6,27,2,0.62,0.3226941403724986,0.2795511892080452,WS_N_100_K_30_P_0.2
0.6,27,3,0.58,0.34730329496739887,0.2700473932211863,WS_N_100_K_30_P_0.2
0.6,27,4,0.62,0.2633464293406303,0.2724944130958355,WS_N_100_K_30_P_0.2
0.6,28,0,0.4,0.2636510365430701,0.25228772608089356,WS_N_100_K_30_P_0.2
0.6,28,1,0.41,0.2808921506495297,0.25099895148503565,WS_N_100_K_30_P_0.2
0.6,28,2,0.42,0.2791123733561163,0.2575961961955877,WS_N_100_K_30_P_0.2
0.6,28,3,0.41,0.26503144365090187,0.24364021943750977,WS_N_100_K_30_P_0.2
0.6,28,4,0.56,0.31265113658187843,0.277718006902156,WS_N_100_K_30_P_0.2
0.6,29,0,0.36,0.24826337841872825,0.23014836236888606,WS_N_100_K_30_P_0.2
0.6,29,1,0.53,0.2776737073335461,0.25471108153753863,WS_N_100_K_30_P_0.2
0.6,29,2,0.37,0.2623380107040633,0.23021774215572927,WS_N_100_K_30_P_0.2
0.6,29,3,0.37,0.24819157459063187,0.22871351973215678,WS_N_100_K_30_P_0.2
0.6,29,4,0.41,0.20786963022310956,0.21763654788520204,WS_N_100_K_30_P_0.2
0.7,15,0,0.5,-1.0,-1.0,WS_N_100_K_30_P_0.2
0.7,15,1,0.5,-1.0,-1.0,WS_N_100_K_30_P_0.2
0.7,15,2,0.5,-1.0,-1.0,WS_N_100_K_30_P_0.2
0.7,15,3,0.5,-1.0,-1.0,WS_N_100_K_30_P_0.2
0.7,15,4,0.5,-1.0,-1.0,WS_N_100_K_30_P_0.2
0.7,16,0,0.5,-1.0,-1.0,WS_N_100_K_30_P_0.2
0.7,16,1,0.5,-1.0,-1.0,WS_N_100_K_30_P_0.2
0.7,16,2,0.5,-1.0,-1.0,WS_N_100_K_30_P_0.2
0.7,16,3,0.5,-1.0,-1.0,WS_N_100_K_30_P_0.2
0.7,16,4,0.5,-1.0,-1.0,WS_N_100_K_30_P_0.2
0.7,17,0,0.5,-1.0,-1.0,WS_N_100_K_30_P_0.2
0.7,17,1,0.5,-1.0,-1.0,WS_N_100_K_30_P_0.2
0.7,17,2,0.5,-1.0,-1.0,WS_N_100_K_30_P_0.2
0.7,17,3,0.5,-1.0,-1.0,WS_N_100_K_30_P_0.2
0.7,17,4,0.5,-1.0,-1.0,WS_N_100_K_30_P_0.2
0.7,18,0,0.5,-1.0,-1.0,WS_N_100_K_30_P_0.2
0.7,18,1,0.5,-1.0,-1.0,WS_N_100_K_30_P_0.2
0.7,18,2,0.5,-1.0,-1.0,WS_N_100_K_30_P_0.2
0.7,18,3,0.5,-1.0,-1.0,WS_N_100_K_30_P_0.2
0.7,18,4,0.5,-1.0,-1.0,WS_N_100_K_30_P_0.2
0.7,19,0,0.5,-1.0,-1.0,WS_N_100_K_30_P_0.2
0.7,19,1,0.5,-1.0,-1.0,WS_N_100_K_30_P_0.2
0.7,19,2,0.5,-1.0,-1.0,WS_N_100_K_30_P_0.2
0.7,19,3,0.5,-1.0,-1.0,WS_N_100_K_30_P_0.2
0.7,19,4,0.5,-1.0,-1.0,WS_N_100_K_30_P_0.2
0.7,20,0,0.5,-1.0,-1.0,WS_N_100_K_30_P_0.2
0.7,20,1,0.5,-1.0,-1.0,WS_N_100_K_30_P_0.2
0.7,20,2,0.5,-1.0,-1.0,WS_N_100_K_30_P_0.2
0.7,20,3,0.5,-1.0,-1.0,WS_N_100_K_30_P_0.2
0.7,20,4,0.5,-1.0,-1.0,WS_N_100_K_30_P_0.2
0.7,21,0,0.5,-1.0,-1.0,WS_N_100_K_30_P_0.2
0.7,21,1,0.5,-1.0,-1.0,WS_N_100_K_30_P_0.2
0.7,21,2,0.5,-1.0,-1.0,WS_N_100_K_30_P_0.2
0.7,21,3,0.5,-1.0,-1.0,WS_N_100_K_30_P_0.2
0.7,21,4,0.5,-1.0,-1.0,WS_N_100_K_30_P_0.2
0.7,22,0,0.5,-1.0,-1.0,WS_N_100_K_30_P_0.2
0.7,22,1,0.5,-1.0,-1.0,WS_N_100_K_30_P_0.2
0.7,22,2,0.5,-1.0,-1.0,WS_N_100_K_30_P_0.2
0.7,22,3,0.5,-1.0,-1.0,WS_N_100_K_30_P_0.2
0.7,22,4,0.5,-1.0,-1.0,WS_N_100_K_30_P_0.2
0.7,23,0,0.5,-1.0,-1.0,WS_N_100_K_30_P_0.2
0.7,23,1,1.0,0.22320201092486291,0.35867628289527553,WS_N_100_K_30_P_0.2
0.7,23,2,0.5,-1.0,-1.0,WS_N_100_K_30_P_0.2
0.7,23,3,0.5,-1.0,-1.0,WS_N_100_K_30_P_0.2
0.7,23,4,1.0,0.2211844542091269,0.34375,WS_N_100_K_30_P_0.2
0.7,24,0,0.37,0.19784347995087218,0.15529383094420146,WS_N_100_K_30_P_0.2
0.7,24,1,1.0,0.2094502379325051,0.34375,WS_N_100_K_30_P_0.2
0.7,24,2,1.0,0.21505483500476644,0.3723002331183292,WS_N_100_K_30_P_0.2
0.7,24,3,0.41,0.19872692576934628,0.16040135174703085,WS_N_100_K_30_P_0.2
0.7,24,4,1.0,0.19201886267600823,0.33444259873983134,WS_N_100_K_30_P_0.2
0.7,25,0,0.45,0.24438622129536716,0.2090113536758641,WS_N_100_K_30_P_0.2
0.7,25,1,0.37,0.22103597298623973,0.17074893869061383,WS_N_100_K_30_P_0.2
0.7,25,2,0.39,0.23035948548415341,0.18844815922908342,WS_N_100_K_30_P_0.2
0.7,25,3,0.48,0.2471875126642156,0.20644010984967887,WS_N_100_K_30_P_0.2
0.7,25,4,0.46,0.20944434914242285,0.17546898282679177,WS_N_100_K_30_P_0.2
0.7,26,0,0.46,0.2247447487064228,0.17440893254299847,WS_N_100_K_30_P_0.2
0.7,26,1,0.45,0.20045302276316634,0.16728084136084756,WS_N_100_K_30_P_0.2
0.7,26,2,0.47,0.2237786320511845,0.17861817860512413,WS_N_100_K_30_P_0.2
0.7,26,3,0.45,0.23753052302132002,0.1958984175278191,WS_N_100_K_30_P_0.2
0.7,26,4,0.42,0.23585370260950655,0.18648679388212475,WS_N_100_K_30_P_0.2
0.7,27,0,0.54,0.2349606380519181,0.19741177237777402,WS_N_100_K_30_P_0.2
0.7,27,1,0.48,0.23841831037417727,0.1924300516594907,WS_N_100_K_30_P_0.2
0.7,27,2,0.57,0.24250401125531665,0.20744868417837117,WS_N_100_K_30_P_0.2
0.7,27,3,0.51,0.2486134522768413,0.20918892489845953,WS_N_100_K_30_P_0.2
0.7,27,4,0.51,0.2567500556766399,0.2131335980256025,WS_N_100_K_30_P_0.2
0.7,28,0,0.5,0.25961413612848305,0.2193486318833714,WS_N_100_K_30_P_0.2
0.7,28,1,0.46,0.24116339041982468,0.2006553993565546,WS_N_100_K_30_P_0.2
0.7,28,2,0.46,0.22429211001796864,0.1847671891769762,WS_N_100_K_30_P_0.2
0.7,28,3,0.46,0.22170556258668628,0.1813822922705452,WS_N_100_K_30_P_0.2
0.7,28,4,0.46,0.2484981008689472,0.2118497598399905,WS_N_100_K_30_P_0.2
0.7,29,0,0.44,0.2235040957578908,0.19713437701494763,WS_N_100_K_30_P_0.2
0.7,29,1,0.48,0.2594206352585932,0.23491551587968523,WS_N_100_K_30_P_0.2
0.7,29,2,0.45,0.25481595043305155,0.20786496875708646,WS_N_100_K_30_P_0.2
0.7,29,3,0.44,0.24536284494820512,0.21720489025412787,WS_N_100_K_30_P_0.2
0.7,29,4,0.51,0.2604992376725268,0.23097268612709,WS_N_100_K_30_P_0.2
